{"cameraMode":{"drawMode":0,"name":"Shaded","section":"Shading Mode"},"sceneLighting":true,"audioPlay":false,"sceneViewState":{"showFog":true,"showMaterialUpdate":false,"showSkybox":true,"showFlares":true,"showImageEffects":true,"showParticleSystems":true},"in2DMode":false,"pivot":{"x":-0.028121590614318849,"y":10.893523216247559,"z":0.7636113166809082},"rotation":{"x":-0.05104196444153786,"y":0.8879396915435791,"z":-0.4458141624927521,"w":-0.10167046636343003},"size":4.886955738067627,"orthographic":false}