{"cameraMode":{"drawMode":0,"name":"Shaded","section":"Shading Mode"},"sceneLighting":true,"audioPlay":false,"sceneViewState":{"showFog":true,"showMaterialUpdate":false,"showSkybox":true,"showFlares":true,"showImageEffects":true,"showParticleSystems":true},"in2DMode":false,"pivot":{"x":-1.9413906335830689,"y":1.83348548412323,"z":3.104735851287842},"rotation":{"x":-0.0677727460861206,"y":-0.716536283493042,"z":0.07031252235174179,"w":-0.6907632946968079},"size":2.4369518756866457,"orthographic":false}