{"cameraMode":{"drawMode":0,"name":"Shaded","section":"Shading Mode"},"sceneLighting":true,"audioPlay":false,"sceneViewState":{"showFog":true,"showMaterialUpdate":false,"showSkybox":true,"showFlares":true,"showImageEffects":true,"showParticleSystems":true},"in2DMode":false,"pivot":{"x":6.118192195892334,"y":13.404147148132325,"z":-9.425724029541016},"rotation":{"x":-0.4094175696372986,"y":0.009869256988167763,"z":-0.004406210500746965,"w":-0.9123675227165222},"size":1.4763789176940919,"orthographic":false}