{"cameraMode":{"drawMode":0,"name":"Shaded","section":"Shading Mode"},"sceneLighting":true,"audioPlay":false,"sceneViewState":{"showFog":true,"showMaterialUpdate":false,"showSkybox":true,"showFlares":true,"showImageEffects":true,"showParticleSystems":true},"in2DMode":false,"pivot":{"x":-0.7602320313453674,"y":3.417663812637329,"z":-25.446977615356447},"rotation":{"x":-0.06364047527313233,"y":-0.3424873352050781,"z":0.02325962297618389,"w":-0.9370759725570679},"size":4.905527591705322,"orthographic":false}