{"cameraMode":{"drawMode":0,"name":"Shaded","section":"Shading Mode"},"sceneLighting":false,"audioPlay":false,"sceneViewState":{"showFog":false,"showMaterialUpdate":false,"showSkybox":false,"showFlares":false,"showImageEffects":false,"showParticleSystems":false},"in2DMode":false,"pivot":{"x":0.2756092846393585,"y":1.8208682537078858,"z":0.9602439403533936},"rotation":{"x":0.0020570638589560987,"y":-0.9908198714256287,"z":0.015173300169408322,"w":0.13431903719902039},"size":2.0663318634033205,"orthographic":false}